Technology,Year,t,Revenue (€),OPEX (€),Depreciation (€),EBIT (€),Tax (€),FCF (€),Discount factor,PV (€),Cumulative PV (€)
Dual-Fuel,Year 0,0,0.0,0.0,0.0,0.0,0.0,-3108877.25,1.0,-3108877.25,0.0
Dual-Fuel,2031,1,1978845.0,1329121.9601499997,150496.75,499226.2898500003,124806.57246250007,524916.4673875002,0.9523809523809523,499920.4451309526,499920.4451309526
Dual-Fuel,2032,2,1883096.96,1263298.4098662396,150496.75,469301.8001337603,117325.45003344008,502473.10010032024,0.9070294784580498,455757.91392319294,955678.3590541455
Dual-Fuel,2033,3,1791008.96,1200724.162396595,150496.75,439788.04760340485,109947.01190085121,480337.78570255364,0.863837598531476,414933.83928522066,1370612.1983393661
Dual-Fuel,2034,4,1703323.96,1141743.0715060472,150496.75,411084.1384939528,102771.0346234882,458809.8538704646,0.822702474791882,377464.00223813293,1748076.200577499
Dual-Fuel,2035,5,1620868.96,1086735.5867465585,150496.75,383636.6232534414,95909.15581336035,438224.21744008106,0.783526166468459,343360.1411444671,2091436.3417219662
Dual-Fuel,2036,6,1541624.0,1034458.3502237194,150496.75,356668.8997762806,89167.22494407016,417998.42483221047,0.7462153966366276,311916.8603796535,2403353.20210162
Dual-Fuel,2037,7,1466433.04,985316.4893926394,150496.75,330619.80060736067,82654.95015184017,398461.6004555205,0.7106813301301215,283179.22021750634,2686532.4223191263
Dual-Fuel,2038,8,1394419.96,938744.0656912586,150496.75,305179.1443087413,76294.78607718533,379381.108231556,0.6768393620286872,256780.0672611827,2943312.489580309
Dual-Fuel,2039,9,1326427.04,895143.2893630265,150496.75,280787.00063697353,70196.75015924338,361087.0004777302,0.6446089162177973,232759.9000382849,3176072.3896185937
Dual-Fuel,2040,10,1261807.0,854086.914745061,150496.75,257223.33525493904,64305.83381373476,343414.2514412043,0.6139132535407593,210826.56041453412,3386898.950033128
Dual-Fuel,2041,11,1199976.04,815195.5515475094,150496.75,234283.73845249065,58570.93461312266,326209.553839368,0.5846792890864374,190727.9700320056,3577626.9200651334
Dual-Fuel,2042,12,1141649.96,778804.0361385433,150496.75,212349.1738614567,53087.29346536417,309758.63039609254,0.5568374181775595,172485.19600797707,3750112.1160731106
Dual-Fuel,2043,13,1086616.96,744739.8706116941,150496.75,191380.3393883059,47845.084847076476,294032.00454122946,0.5303213506452946,155931.4497812482,3906043.565854359
Dual-Fuel,2044,14,1033846.0,712399.5018754469,150496.75,170949.74812455312,42737.43703113828,278709.06109341484,0.5050679529955189,140767.01496775405,4046810.580822113
Dual-Fuel,2045,15,983836.0,682006.317322333,150496.75,151332.932677667,37833.23316941675,263996.4495082502,0.4810170980909702,126986.80604877786,4173797.386870891
Dual-Fuel,2046,16,935599.0399999999,652996.749344676,150496.75,132105.5406553239,33026.38516383097,249575.90549149291,0.4581115219914002,114333.59791708968,4288130.98478798
Dual-Fuel,2047,17,889764.04,625666.5622874547,150496.75,113600.72771254531,28400.181928136328,235697.29578440898,0.43629668761085727,102833.94942957412,4390964.9342175545
Dual-Fuel,2048,18,846212.04,599916.2262207243,150496.75,95799.06377927575,23949.765944818937,222346.0478344568,0.41552065486748313,92389.37540337023,4483354.309620924
Dual-Fuel,2049,19,804500.0,575482.5053965368,150496.75,78520.74460346322,19630.186150865804,209387.3084525974,0.3957339570166506,82861.66812301235,4566215.977743937
Dual-Fuel,2050,20,765147.04,552601.1957079716,150496.75,62049.09429202846,15512.273573007114,295975.8207190214,0.3768894828730006,111550.1740137039,4677766.151757641
Oxy-Enriched,Year 0,0,0.0,0.0,0.0,0.0,0.0,-3177547.4455,1.0,-3177547.4455,0.0
Oxy-Enriched,2031,1,1931008.91,1219221.2857799998,154049.85,557737.7742200001,139434.44355500003,572353.1806650001,0.9523809523809523,545098.2673000001,545098.2673000001
Oxy-Enriched,2032,2,1837558.91,1161059.4030119998,154049.85,522449.65698800015,130612.41424700004,545887.0927410001,0.9070294784580498,495135.6850258504,1040233.9523258505
Oxy-Enriched,2033,3,1747602.3,1105773.3834408,154049.85,487779.06655920006,121944.76663980001,519884.1499194,0.863837598531476,449095.47558095236,1489329.4279068029
Oxy-Enriched,2034,4,1662012.57,1053733.7058080256,154049.85,454229.01419197454,113557.25354799363,494721.6106439809,0.822702474791882,407008.69340982893,1896338.1213166318
Oxy-Enriched,2035,5,1581663.1099999999,1005297.7231825383,154049.85,422315.5368174616,105578.8842043654,470786.50261309615,0.783526166468459,368873.54361753236,2265211.664934164
Oxy-Enriched,2036,6,1503933.6099999999,959046.30908052,154049.85,390837.45091947995,97709.36272986999,447177.9381896099,0.7462153966366276,333691.0625133091,2598902.727447473
Oxy-Enriched,2037,7,1430511.12,915765.5541943747,154049.85,360695.7158056254,90173.92895140636,424571.636854219,0.7106813301301215,301735.13561507926,2900637.863062552
Oxy-Enriched,2038,8,1360621.9,874993.4354963196,154049.85,331578.6145036804,82894.6536259201,402733.8108777603,0.6768393620286872,272586.09562188527,3173223.9586844374
Oxy-Enriched,2039,9,1294251.23,836657.1967595983,154049.85,303544.1832404017,75886.04581010042,381707.98743030126,0.6446089162177973,246052.37208912306,3419276.3307735603
Oxy-Enriched,2040,10,1231373.79,800681.466841973,154049.85,276642.47315802705,69160.61828950676,361531.70486852026,0.6139132535407593,221949.10519397084,3641225.435967531
Oxy-Enriched,2041,11,1171121.68,766585.6279282703,154049.85,250486.20207172967,62621.55051793242,341914.5015537973,0.5846792890864374,199910.32769681778,3841135.763664349
Oxy-Enriched,2042,12,1114353.13,734733.6796193188,154049.85,225569.60038068108,56392.40009517027,323227.05028551084,0.5568374181775595,179984.91616613205,4021120.679830481
Oxy-Enriched,2043,13,1060264.48,704686.4961091155,154049.85,201528.13389088443,50382.03347272111,305195.9504181633,0.5303213506452946,161851.92863723476,4182972.608467716
Oxy-Enriched,2044,14,1007878.8300000001,675937.2169635068,154049.85,177891.7630364933,44472.940759123325,287468.67227737,0.5050679529955189,145191.21385747092,4328163.822325187
Oxy-Enriched,2045,15,958924.1799999999,649263.2605181827,154049.85,155611.06948181728,38902.76737045432,270758.15211136296,0.4810170980909702,130239.3006130813,4458403.122938268
Oxy-Enriched,2046,16,912645.95,624263.1189778708,154049.85,134332.98102212916,33583.24525553229,254799.58576659687,0.4581115219914002,116726.626038314,4575129.748976582
Oxy-Enriched,2047,17,867765.07,600305.652582189,154049.85,113409.56741781099,28352.391854452748,239107.02556335824,0.43629668761085727,104321.60323777777,4679451.35221436
Oxy-Enriched,2048,18,825678.82,578005.3515960843,154049.85,93623.61840391564,23405.90460097891,224267.56380293673,0.41552065486748313,93187.80497693132,4772639.157191291
Oxy-Enriched,2049,19,785242.01,556802.1516418059,154049.85,74390.00835819411,18597.50208954853,209842.35626864558,0.3957339570166506,83041.74599588888,4855680.90318718
Oxy-Enriched,2050,20,746789.6,536820.9714511342,154049.85,55918.77854886578,13979.694637216446,292539.3794116493,0.3768894828730006,110255.01542644502,4965935.918613625
SFR,Year 0,0,0.0,0.0,0.0,0.0,0.0,-3201692.5785,1.0,-3201692.5785,0.0
SFR,2031,1,1726851.5699999998,1146953.847018,155767.5,424130.22298199986,106032.55574549997,473865.1672364999,0.9523809523809523,451300.159272857,451300.159272857
SFR,2032,2,1642970.23,1092825.63629246,155767.5,394377.0937075401,98594.27342688502,451550.32028065505,0.9070294784580498,409569.4515017279,860869.6107745849
SFR,2033,3,1562745.41,1041657.1439468235,155767.5,365320.76605317637,91330.19151329409,429758.07453988225,0.863837598531476,371241.18306004297,1232110.7938346278
SFR,2034,4,1486627.48,993607.5254999244,155767.5,337252.45450007555,84313.11362501889,408706.8408750567,0.822702474791882,336244.12945228105,1568354.9232869088
SFR,2035,5,1414536.98,948550.5446364897,155767.5,310218.9353635103,77554.73384087757,388431.70152263273,0.783526166468459,304346.4020288491,1872701.325315758
SFR,2036,6,1345324.35,905804.3496607699,155767.5,283752.5003392302,70938.12508480754,368581.87525442266,0.7462153966366276,275041.470236051,2147742.795551809
SFR,2037,7,1279513.8199999998,865579.206457432,155767.5,258167.11354256782,64541.778385641956,349392.83515692584,0.7106813301301215,248306.9648272583,2396049.760379067
SFR,2038,8,1217088.46,827799.8479796477,155767.5,233521.11202035227,58380.27800508807,330908.3340152642,0.6768393620286872,223971.78568486715,2620021.5460639345
SFR,2039,9,1157413.0699999998,792078.277953035,155767.5,209567.29204696487,52391.82301174122,312942.96903522365,0.6446089162177973,201725.8281077752,2821747.3741717096
SFR,2040,10,1101408.96,758826.9473719649,155767.5,186814.51262803504,46703.62815700876,295878.38447102625,0.6139132535407593,181643.6616629914,3003391.035834701
SFR,2041,11,1047537.98,727210.9545802136,155767.5,164559.52541978634,41139.881354946585,279187.14406483975,0.5846792890864374,163234.9409139033,3166625.9767486043
SFR,2042,12,996767.69,697669.6557604837,155767.5,143330.53423951624,35832.63355987906,263265.4006796372,0.5568374181775595,146596.0260099299,3313222.002758534
SFR,2043,13,948491.27,669851.2612001764,155767.5,122872.50879982358,30718.127199955896,247921.8815998677,0.5303213506452946,131478.26710456464,3444700.269863099
SFR,2044,14,902055.0499999999,643392.437370806,155767.5,102895.11262919393,25723.778157298482,232938.83447189545,0.5050679529955189,117649.94029988225,3562350.210162981
SFR,2045,15,857748.8099999999,618399.7946436999,155767.5,83581.51535630005,20895.378839075012,218453.63651722504,0.4810170980909702,105079.93430493519,3667430.1444679163
SFR,2046,16,815988.38,595037.5256658605,155767.5,65183.3543341395,16295.838583534874,204655.01575060462,0.4581115219914002,93754.82074868347,3761184.9652166
SFR,2047,17,776152.37,572968.779002992,155767.5,47416.090997008025,11854.022749252006,191329.56824775602,0.43629668761085727,83476.4568685114,3844661.4220851115
SFR,2048,18,738449.87,552261.3955744646,155767.5,30420.974425535416,7605.243606383854,178583.23081915156,0.41552065486748313,74205.02101832475,3918866.4431034364
SFR,2049,19,702540.52,532722.4504289869,155767.5,14050.569571013097,3512.642392753274,166305.42717825982,0.3957339570166506,65812.70477059719,3984679.1478740335
SFR,2050,20,668129.5,514186.21184301,155767.5,-1824.21184300998,0.0,240741.91961774253,0.3768894828730006,90733.09759058447,4075412.245464618
